store,category,item,price,unit
GLOBAL HOUSE,น้ำยาล้างจาน,ซัันไลต์ น้ำยาล้างจาน เลมอนเทอร์โบ ขนาด 3600 ml.,169-172,/ขวด
GLOBAL HOUSE,น้ำยาล้างจาน,ซันไลต์ น้ำยาล้างจาน เลมอนเทอร์โบ แบบเติม ขนาด 300 ml. (แพ็ค 3 ถุง),52,/แพ็ค
GLOBAL HOUSE,น้ำยาล้างจาน,ซันไลต์ น้ำยาล้างจาน แบบเติม ขนาด 500 ml. (แพ็ค 3 ถุง),78-82,/แพ็ค
GLOBAL HOUSE,น้ำยาล้างจาน,ซันไลต์ น้ำยาล้างจาน เลมอนเทอร์โบ แบบหัวปั้ม ขนาด 485 ml.,35,/ถุง
GLOBAL HOUSE,น้ำยาล้างจาน,ซันไลต์ น้ำยาล้างจาน เลมอนเทอร์โบ แบบหัวปั้ม ขนาด 750 ml.,64,/ขวด
GLOBAL HOUSE,น้ำยาล้างจาน,3M น้ำยาล้างจาน สูตรมะนาวเข้มข้น แบบถุง ขนาด 550 ml.,27-29,/ถุง
GLOBAL HOUSE,น้ำยาล้างจาน,ซันไลต์ น้ำยาล้างจาน พลัส เนเจอร์ แบบหัวปั้ม ขนาด 750 ml.,64,/ขวด
GLOBAL HOUSE,น้ำยาล้างจาน,WinkPlus น้ำยาล้างจาน สูตรมะนาว ขนาด 3500 ml.,139,/แกลลอน
GLOBAL HOUSE,น้ำยาล้างจาน,3M น้ำยาล้างจาน สูตรมะนาวเข้มข้น ขนาด 3800 ml.,199-209,/แกลลอน
GLOBAL HOUSE,น้ำยาล้างจาน,ซันไลต์ น้ำยาล้างจาน แพลตินั่ม ไอริส ขจัดครบหนัก แบบหัวปั้ม ขนาด 750 ml.,69,/ขวด
GLOBAL HOUSE,น้ำยาล้างจาน,ซันไลต์ น้ำยาล้างจาน แพลตินั่ม ออเร้นจ์ ขจัดครบหนัก แบบหัวปั้ม ขนาด 750 ml.,69,/ขวด
GLOBAL HOUSE,น้ำยาล้างจาน,POLY-LITE น้ำยาล้างจาน ขนาด 3800 ml.,189-192,/กล.
GLOBAL HOUSE,น้ำยาล้างจาน,ซันไลต์ น้ำยาล้างจาน ซันไลต์พลัส แบบหัวปั้ม ขนาด 750 ml.,64,/ขวด
GLOBAL HOUSE,น้ำยาล้างจาน,TPI น้ำยาล้างจาน ขนาด 6000 ml,299-308,/แกลลอน
GLOBAL HOUSE,น้ำยาล้างจาน,Dish น้ำยาล้างจาน กลิ่นมะนาว ขนาด 20 ลิตร,599-890,/ถัง
GLOBAL HOUSE,น้ำยาล้างห้องน้ำ,DUCK เป็ดมิสเตอร์มัสเซิล โปร น้ำยาล้างห้องน้ำ 900 มล. สีม่วง,59-64,/ขวด
GLOBAL HOUSE,น้ำยาล้างห้องน้ำ,VIXOL วิกซอล พลัส น้ำยาล้างห้องน้ำ 900 มล.,39-44,/ขวด
GLOBAL HOUSE,น้ำยาล้างห้องน้ำ,VIXOL วิกซอล น้ำยาล้างห้องน้ำ 900 มล. ชมพู แพ็ค 2+1,99,/แพ็ค
GLOBAL HOUSE,น้ำยาล้างห้องน้ำ,MagiClean น้ำยาทำความสะอาดห้องน้ำ กลิ่นสปาร์คกลิ้ง 850 มล. รุ่น เทอร์โบพาวเวอร์ สีชมพู,47,/
GLOBAL HOUSE,น้ำยาล้างห้องน้ำ,VIXOL วิกซอล น้ำยาล้างห้องน้ำและ ขจัดคราบทั่วไป ขนาด 900 มล. สีชมพู,39-44,/ขวด
GLOBAL HOUSE,น้ำยาล้างห้องน้ำ,FARCENT น้ำยาล้างห้องน้ำ ฟาร์เซ้นท์ ขนาด 900 มล. (2แถม1/แพ็ค),101,/แพ็ค
GLOBAL HOUSE,น้ำยาล้างห้องน้ำ,MagiClean น้ำยาทำความสะอาดห้องน้ำ ชนิดสเปรย์ กลิ่นแคทรียา 500 มล สีชมพู,63,/อัน
GLOBAL HOUSE,น้ำยาล้างห้องน้ำ,VIXOL วิกซอล เฮฟวี่ ดิวตี้ น้ำยาล้างห้องน้ำ ขนาด 900 มล. สีขาว,39-44,/ขวด
GLOBAL HOUSE,น้ำยาล้างห้องน้ำ,3M น้ำยาล้างห้องน้ำสูตรขจัดคราบหนัก ขนาด 900 มล.,59,/ขวด
GLOBAL HOUSE,น้ำยาล้างห้องน้ำ,MagiClean น้ำยาทำความสะอาดห้องน้ำ ชนิดสเปรย์ กลิ่น เฟรช บูเก้ 500 มล. สีม่วง,63,/
GLOBAL HOUSE,น้ำยาล้างห้องน้ำ,MagiClean น้ำยาทำความสะอาดห้องน้ำ กลิ่นสวีทอโรมามาจิคลีน 850 มล. รุ่น พาวเวอร์สตรอง สีเหลือง,47,/
GLOBAL HOUSE,น้ำยาล้างห้องน้ำ,DUCK เป็ด มิสเตอร์มัสเซิล พิ้งค์ฟลอรัล น้ำยาทำความสะอาดห้องน้ำ ขนาด 900 มล.,59-64,/ขวด
GLOBAL HOUSE,น้ำยาล้างห้องน้ำ,FARCENT น้ำยาล้างห้องน้ำ ฟาร์เซ็นท์บาธรูม ขนาด 3500 มล.,148,/กล.
GLOBAL HOUSE,น้ำยาล้างห้องน้ำ,DUCK เป็ดโปร มิสเตอร์มัสเซิล น้ำยาทำความสะอาดห้องน้ำ ขนาด 3500 มล. สีม่วง,213,/แกลลอน
GLOBAL HOUSE,น้ำยาล้างห้องน้ำ,DUCK เป็ดหอม น้ำยาล้างห้องน้ำ กลิ่น ลาเวนเดอร์ 900 มล.,54-70,/ขวด
GLOBAL HOUSE,น้ำยาล้างห้องน้ำ,VIXOL วิกซอล พลัส น้ำยาล้างห้องน้ำ 3500 มล.,155,/แกลอน
GLOBAL HOUSE,น้ำยาล้างห้องน้ำ,SPACLEAN น้ำยาล้างห้องน้ำ ขนาด 1000 มล.,169-199,/ขวด
GLOBAL HOUSE,น้ำยาล้างห้องน้ำ,DUCK เป็ดหอม น้ำยาล้างห้องน้ำ กลั่น ซิตรัส ขนาด 900 มล.,54-70,/ขวด
GLOBAL HOUSE,น้ำยาล้างห้องน้ำ,VIXOL วิกซอล น้ำยาล้างห้องน้ำและ ขจัดคราบทั่วไป ขนาด 3500 มล. สีชมพู,155,/แกลอน
GLOBAL HOUSE,น้ำยาล้างห้องน้ำ,HANDYMAN น้ำยาล้างห้องน้ำและกัดสนิม ขนาด 3800 มล.,249,/กล.
GLOBAL HOUSE,น้ำยาล้างห้องน้ำ,VIXOL วิกซอล เฮฟวี่ ดิวตี้ น้ำยาล้างห้องน้ำ ขนาด 3500 มล. สีขาว,155,/แกลอน
GLOBAL HOUSE,น้ำยาล้างห้องน้ำ,3M ผลิตภัณฑ์ล้างห้องน้ำฆ่าเชื้อโรค สูตรขจัดคราบหนัก กลิ่น วอเตอรัล,229,/แกลลอน
GLOBAL HOUSE,น้ำยาล้างห้องน้ำ,PROMAX น้ำยาล้างห้องน้ำ ขนาด 900 มล. สีชมพู,45,/ขวด
GLOBAL HOUSE,น้ำยาล้างห้องน้ำ,HG เอชจี บลู น้ำยาทำความสะอาดห้องน้ำสูตรเข้มข้น ขนาด 250 มล.,185-198,/ขวด
GLOBAL HOUSE,น้ำยาล้างห้องน้ำ,PROMAX น้ำยาล้างห้องน้ำ ขนาด 900 มล. สีฟ้า,45,/ขวด
GLOBAL HOUSE,น้ำยาล้างห้องน้ำ,DUCK เป็ด มิสเตอร์มัสเซิล พิ้งค์ฟลอรัล น้ำยาทำความสะอาดห้องน้ำ ขนาด 3500 มล.,213,/แกลลอน
GLOBAL HOUSE,น้ำยาล้างห้องน้ำ,VIM น้ำยาล้างห้องน้ำ วิม ขนาด 3500 มล. สีเขียว,145,/อัน
GLOBAL HOUSE,น้ำยาล้างห้องน้ำ,DUCK เป็ดหอม น้ำยาล้างห้องน้ำ กลิ่น ลาเวนเดอร์ 3500 มล.,209,/แกลลอน
GLOBAL HOUSE,น้ำยาล้างห้องน้ำ,DUCK เป็ดหอม น้ำยาล้างห้องน้ำ กลั่น ซิตรัส ขนาด 3500 มล.,209,/แกลลอน
GLOBAL HOUSE,น้ำยาล้างห้องน้ำ,ผลิตภัณฑ์ล้างห้องน้ำฆ่าเชื้อโรค กลิ่นวอเตอร์ลู,44-45,/ขวด
GLOBAL HOUSE,ผงซักฟอก/น้ำยาซักผ้า,OMO ผงซักฟอกสูตรมาตรฐาน โอโมซันชายน์ ขนาด 1700 กรัม,95,/
GLOBAL HOUSE,ผงซักฟอก/น้ำยาซักผ้า,"BREEZE บรีสเอกเซลน้ำยาซักผ้า สูตรเข้มข้น แพ็คคู่ ขนาด 1,250 มล.",199,/แพ็ค
GLOBAL HOUSE,ผงซักฟอก/น้ำยาซักผ้า,BREEZE น้ำยาซักผ้า บรีสเอกเซล ( แบบเติม) ขนาด 1400 มล.,115-129,/ถุง
GLOBAL HOUSE,ผงซักฟอก/น้ำยาซักผ้า,Haiter ไฮเตอร์ น้ำยาซักผ้าขาว 600 มล. สีชมพู,26,/ขวด
GLOBAL HOUSE,ผงซักฟอก/น้ำยาซักผ้า,OMO ผงซักฟอก โอโม ขนาด 2400 กรัม,125-139,/ถุง
GLOBAL HOUSE,ผงซักฟอก/น้ำยาซักผ้า,BREEZE ผงซักฟอก บรีส เพาเวอร์ สวีท ฟลาวเวอร์ ขนาด 2500 กรัม,119-129,/ถุง
GLOBAL HOUSE,ผงซักฟอก/น้ำยาซักผ้า,BREEZE ผงซักฟอกสูตรเข้มข้น บรีส ขนาด 1300 กรัม สีชมพู,109-119,/ถุง
GLOBAL HOUSE,ผงซักฟอก/น้ำยาซักผ้า,Haiter ไฮเตอร์ น้ำยาซักผ้าขาว 600 มล. สีฟ้า,26,/ขวด
GLOBAL HOUSE,ผงซักฟอก/น้ำยาซักผ้า,Attack ผงซักฟอกแอทแทคอีซี่ แฮปปี้สวีท 8500กรัม,389,/อัน
GLOBAL HOUSE,ผงซักฟอก/น้ำยาซักผ้า,BREEZE ผงซักฟอกสูตรมาตรฐานแบบถัง บรีสเมติก ขนาด 7500กรัม,469,/ถัง
GLOBAL HOUSE,ผงซักฟอก/น้ำยาซักผ้า,BREEZE ผงซักฟอก บรีสเพาเวอร์ ขนาด 2250 กรัม,119-129,/ถุง
GLOBAL HOUSE,ผงซักฟอก/น้ำยาซักผ้า,Haiter ไฮเตอร์ น้ำยาซักผ้าขาว 2500 มล. สีชมพู,82,/ขวด
GLOBAL HOUSE,ผงซักฟอก/น้ำยาซักผ้า,BREEZE ผงซักฟอกสูตรเข้มข้น บรีส ขนาด 1300 กรัม สีเขียว,109-129,/ถุง
GLOBAL HOUSE,ผงซักฟอก/น้ำยาซักผ้า,Haiter ไฮเตอร์ น้ำยาซักผ้าขาว 2500 มล. สีฟ้า,82,/อัน
GLOBAL HOUSE,ผงซักฟอก/น้ำยาซักผ้า,SAKU ลูกบอลซักผ้า 5 ซม. รุ่น BA215 ขนาด 16.5×20×6 ซม. คละสี (4 ชิ้น/แพ็ค),25,/ชุด
GLOBAL HOUSE,ผงซักฟอก/น้ำยาซักผ้า,OMO น้ำยาซักผ้า โอโมพลัส กลิ่นซากุระ บลอสซั่ม ขนาด 1400 มล. สีชมพู,105-115,/ถุง
GLOBAL HOUSE,ผงซักฟอก/น้ำยาซักผ้า,Attack น้ำยาซักผ้าสูตรน้ำ กลิ่น ชาร์มิง โรมานซ์ 700 มล.,79,/อัน
GLOBAL HOUSE,ผงซักฟอก/น้ำยาซักผ้า,Attack น้ำยาซักผ้าสูตรน้ำแอทแทคทีดีซอฟ์ท 720 มล. กลิ่นโรแมนติกเลิฟ,79,/อัน
GLOBAL HOUSE,ผงซักฟอก/น้ำยาซักผ้า,Attack ผงซักฟอกสูตรน้ำแอทแทคทีดี คลีนแอ็คชั่น 770 มล.,79,/
GLOBAL HOUSE,ผงซักฟอก/น้ำยาซักผ้า,BREEZE ผงซักฟอก บรีสเอกเซลเอ็กซ์ตร้า ขนาด 4000 กรัม,309,/ถุง
GLOBAL HOUSE,ผงซักฟอก/น้ำยาซักผ้า,Attack ผงซักฟอก แอทแทค3ดีคลีนแอ็คชั่น 1700 กรัม สูตรเข้มข้น,159,/อัน
GLOBAL HOUSE,ผงซักฟอก/น้ำยาซักผ้า,Attack น้ำยาซักผ้าสูตรน้ำ คลีน แอควานซ์ 750 มล.,79,/อัน
GLOBAL HOUSE,ผงซักฟอก/น้ำยาซักผ้า,Vanish ผงขจัดคราบหนักสำหรับผ้าสี 450 กรัม รุ่น ออกซี่ แอคชั่น 2 สีชมพู,195-219,/กระปุก
GLOBAL HOUSE,ผงซักฟอก/น้ำยาซักผ้า,Attack ผงซักฟอกสูตรเข้มข้น แอทแทคทีดีซอฟ์ท 1600 กรัม กลิ่นโรแมนติกเลิฟ,159,/ถุง
GLOBAL HOUSE,ผงซักฟอก/น้ำยาซักผ้า,ผงซักฟอกแอทแทค ซอฟท์พลัส 2400 กรัม (6P),195,/ถุง
GLOBAL HOUSE,ผงซักฟอก/น้ำยาซักผ้า,Downy ผลิตภัณฑ์ซักผ้าชนิดน้ำ กลิ่น สวนดอกไม้ผลิ ขนาด 550 มล.สีชมพู,85,/ถุง
GLOBAL HOUSE,ผงซักฟอก/น้ำยาซักผ้า,Downy ผลิตภัณฑ์ซักผ้าชนิดน้ำ กลิ่น ซันไรท์เฟรช ขนาด 550 มล. สีฟ้า,85,/ถุง
GLOBAL HOUSE,ผงซักฟอก/น้ำยาซักผ้า,D WASH ผงซักฟอกเอนกประสงค์ ขนาด 25 กก.,690,/ลัง
GLOBAL HOUSE,ผงซักฟอก/น้ำยาซักผ้า,BREEZE ผงซักฟอก บรีสเอกเซลโกลด์ ขนาด 2500 กรัม,309,/ถุง
GLOBAL HOUSE,ผงซักฟอก/น้ำยาซักผ้า,Attack ผงซักฟอกสูตรเข้มข้น กลิ่น ชาร์มิง โรมานซ์ 2400 กรัม,205,/อัน
GLOBAL HOUSE,ผงซักฟอก/น้ำยาซักผ้า,Attack ผงซักฟอกสูตรเข้มข้น กลิ่น ชาร์มิง โรมานซ์ 1600 กรัม,169,/อัน
GLOBAL HOUSE,ผงซักฟอก/น้ำยาซักผ้า,Attack ผงซักฟอกสูตรเข้มข้น สูตร คลีน แอควานซ์ 4500 กรัม,319,/อัน
GLOBAL HOUSE,ผงซักฟอก/น้ำยาซักผ้า,Attack ผงซักฟอกสูตรเข้มข้น คลีน แอควานซ์ 1700 กรัม,155,/อัน
GLOBAL HOUSE,ผงซักฟอก/น้ำยาซักผ้า,Attack ผงซักฟอกแอทแทคทีดี ไวรัสคลีนเลอร์ 1500กรัม,169,/ถุง
GLOBAL HOUSE,ผงซักฟอก/น้ำยาซักผ้า,Attack ผงซักฟอกสูตรเข้มข้น คลีน แอควานซ์ 2600 กรัม,205,/อัน
GLOBAL HOUSE,ผงซักฟอก/น้ำยาซักผ้า,Attack ผงซักฟอก แอทแทค3ดีคลีนแอ็คชั่น 4500 กรัม สูตรเข้มข้น,329,/ถุง
GLOBAL HOUSE,ผงซักฟอก/น้ำยาซักผ้า,Attack ผงซักฟอกสูตรเข้มข้น กลิ่น ชาร์มิง โรมานซ์ 4200 กรัม,329,/อัน
GLOBAL HOUSE,ผงซักฟอก/น้ำยาซักผ้า,BREEZE ผงซักฟอก บรีสเอกเซลคัลเลอร์ ขนาด 2400 กรัม,236,/ถุง
GLOBAL HOUSE,ผงซักฟอก/น้ำยาซักผ้า,BREEZE ผงซักฟอก บรีสเอกเซลคอมฟอร์ท ขนาด 1900 กรัม,175,/ถุง
GLOBAL HOUSE,ผงซักฟอก/น้ำยาซักผ้า,BREEZE ผงซักฟอก บรีสเอกเซลคอมฟอร์ท ขนาด 2400กรัม สีม่วง,199,/ถุง
GLOBAL HOUSE,ผงซักฟอก/น้ำยาซักผ้า,BREEZE ผงซักฟอก บรีสเอกเซล ขนาด 2000 กรัม,175,/ถุง
GLOBAL HOUSE,ผงซักฟอก/น้ำยาซักผ้า,DOWNY น้ำยาปรับผ้านุ่มสูตรเข้มข้น ชนิดเติม 1. ลิตร.กลิ่นซันไรเฟรช,119,/ถุง
GLOBAL HOUSE,ผงซักฟอก/น้ำยาซักผ้า,BREEZE ผงซักฟอก บรีสเอกเซลคอมฟอร์ท ขนาด 2400 กรัม,179,/ถุง
GLOBAL HOUSE,ผงซักฟอก/น้ำยาซักผ้า,DOWNY น้ำยาปรับผ้านุ่มสูตรเข้มข้น ชนิดเติม 1. ลิตร.กลิ่นมิสทีค,119,/อัน
GLOBAL HOUSE,ผงซักฟอก/น้ำยาซักผ้า,DOWNY น้ำยาปรับผ้านุ่มสูตรเข้มข้น ชนิดเติม 1. ลิตร. กลิ่นแพชชั่น,119,/ถุง
GLOBAL HOUSE,ผงซักฟอก/น้ำยาซักผ้า,BREEZE ผงซักฟอก บรีสเพาเวอร์ ขนาด 800 กรัม,59,/ถุง
GLOBAL HOUSE,ผงซักฟอก/น้ำยาซักผ้า,น้ำยาซักผ้าแอทแทค (ชนิดเติม) 3ดี ลิควิด 400 มล. (18P),47,/ถุง
GLOBAL HOUSE,น้ำยาปรับผ้านุ่ม,HYGIENE น้ำยาปรับผ้านุ่ม ไฮยีน ขนาด 580 มล.(3ถุง/แพ็ค) สีขาว,49,/แพ็ค
GLOBAL HOUSE,น้ำยาปรับผ้านุ่ม,HYGIENE น้ำยาปรับผ้านุ่ม ไฮยีน ขนาด 3500 มล. สีขาว (1x4),92-115,/แกลอน
GLOBAL HOUSE,น้ำยาปรับผ้านุ่ม,HYGIENE น้ำยาปรับผ้านุ่ม ไฮยีนเอ็กซ์เพิร์ทแคร์ ซันไรส์ คิส ขนาด 490 มล. สีชมพู (1x12),55,/ซอง
GLOBAL HOUSE,น้ำยาปรับผ้านุ่ม,HYGIENE น้ำยาปรับผ้านุ่ม ไฮยีน ขนาด 3500 มล. สีบานเย็น (1x4),92-115,/แกลอน
GLOBAL HOUSE,น้ำยาปรับผ้านุ่ม,HYGIENE น้ำยาปรับผ้าไฮยีน 580 มล.(3ถุง/แพ็ค) สีม่วง,49,/แพ็ค
GLOBAL HOUSE,น้ำยาปรับผ้านุ่ม,HYGIENE น้ำยาปรับผ้านุ่ม ไฮยีนเอ็กซ์เพิร์ทแคร์ เลิฟลี่บลูม ขนาด 490 มล. สีชมพู (1x12),55,/ซอง
GLOBAL HOUSE,น้ำยาปรับผ้านุ่ม,HYGIENE น้ำยาปรับผ้านุ่ม ไฮยีน ขนาด 3500 มล. สีม่วง. (1x4),92-115,/แกลอน
GLOBAL HOUSE,น้ำยาปรับผ้านุ่ม,Downy น้ำยาปรับผ้านุ่ม แบบเติม สูตรตากในร่ม ขนาด 490 มล. สีเขียว (แพ็ค 2 แถม 1),159,/แพ็ค
GLOBAL HOUSE,น้ำยาปรับผ้านุ่ม,COMFORT น้ำยาปรับผ้านุ่ม คอมฟอร์ทสูตรมาตรฐาน(แบบเติม) ขนาด 500 มล. สีชมพู,42,/แพ็ค
GLOBAL HOUSE,น้ำยาปรับผ้านุ่ม,HYGIENE น้ำยาปรับผ้านุ่ม ไฮยีน ขนาด580 มล.(3 ถุง/แพ็ค) ชมพูเข้ม,49,/แพ็ค
GLOBAL HOUSE,น้ำยาปรับผ้านุ่ม,Downy น้ำยาปรับผ้านุ่ม แบบเติม กลิ่น สวนดอกไม้ผลิ ขนาด 490 มล. สีชมพู (แพ็ค 2 แถม 1),159,/แพ็ค
GLOBAL HOUSE,น้ำยาปรับผ้านุ่ม,HYGIENE น้ำยาปรับผ้านุ่ม ไฮยีน ขนาด 3500 มล. สีชมพู (1x4),92-115,/แกลอน
GLOBAL HOUSE,น้ำยาปรับผ้านุ่ม,HYGIENE น้ำยาปรับผ้านุ่ม ไฮยีน ขนาด 580 มล. (3ถุง/แพ็ค) สีชมพู,49,/แพ็ค
GLOBAL HOUSE,น้ำยาปรับผ้านุ่ม,HYGIENE น้ำยาปรับผ้านุ่ม ไฮยีนเอ็กซ์เพิร์ทแคร์ ส้มแฮปปี้ ขนาด 490 มล. สีส้ม (1x12),55,/ซอง
GLOBAL HOUSE,น้ำยาปรับผ้านุ่ม,Downy น้ำยาปรับผ้านุ่ม แบบเติม กลิ่น ซันไรท์เฟรช ขนาด 540 มล. สีฟ้า (แพ็ค 2 แถม 1),159,/แพ็ค
GLOBAL HOUSE,น้ำยาปรับผ้านุ่ม,COMFORT น้ำยาปรับผ้านุ่ม คอมฟอร์ทอัลตร้า(แบบเติม) ขนาด 1300 มล. สีชมพู,129,/ถุง
GLOBAL HOUSE,น้ำยาปรับผ้านุ่ม,COMFORT น้ำยาปรับผ้านุ่ม คอมฟอร์ทสูตรมาตรฐาน(แบบเติม) ขนาด 500 มล. สีม่วง,42,/แพ็ค
GLOBAL HOUSE,น้ำยาปรับผ้านุ่ม,COMFORT คอมฟอร์ทอัลตร้า น้ำยาปรับผ้านุ่ม (แพ็ค2) ขนาด 480 มล. สีฟ้า,89,/แพ็ค
GLOBAL HOUSE,น้ำยาปรับผ้านุ่ม,COMFORT น้ำยาปรับผ้านุ่ม คอมฟอร์ทสูตรมาตรฐาน(แบบเติม) ขนาด 500 มล. สีฟ้า,42,/แพ็ค
GLOBAL HOUSE,น้ำยาปรับผ้านุ่ม,COMFORT น้ำยาปรับผ้านุ่ม คอมฟอร์ท สูตรมาตรฐาน ขนาด 2800 มล. สีชมพู,109,/กล.
GLOBAL HOUSE,น้ำยาปรับผ้านุ่ม,HYGIENE น้ำยาปรับผ้านุ่ม ไฮยีนเอ็กซ์เพิร์ทแคร์ มอร์นิ่ง บลูม ขนาด 490 มล. สีม่วง (1x12),55,/ซอง
GLOBAL HOUSE,น้ำยาปรับผ้านุ่ม,COMFORT คอมฟอร์ทอัลตร้า น้ำยาปรับผ้านุ่ม( แพ็ค2) ขนาด 480 มล. สีชมพู,89,/แพ็ค
GLOBAL HOUSE,น้ำยาปรับผ้านุ่ม,HYGIENE น้ำยารีดผ้าเรียบไฮยีน ขนาด 500 มล. (3ถุง/แพ็ค) สีชมพู,39,/แพ็ค
GLOBAL HOUSE,น้ำยาปรับผ้านุ่ม,DOWNY น้ำยาปรับผ้านุ่มสูตรเข้มข้น ชนิดเติม 1.25L กลิ่นดอกไม้อันแสนสดชื่น (1x9),139-165,/ถุง
GLOBAL HOUSE,น้ำยาปรับผ้านุ่ม,COMFORT น้ำยาปรับผ้านุ่ม คอมฟอร์ทอัลตร้า ( น้ำเดียว ) แบบเติม ขนาด 540 มล. สีฟ้า,59,/ถุง
GLOBAL HOUSE,น้ำยาปรับผ้านุ่ม,COMFORT น้ำยาปรับผ้านุ่ม คอมฟอร์ทอัลตร้า(แบบเติม) ขนาด 1300 มล. สีฟ้า,129,/ถุง
GLOBAL HOUSE,น้ำยาปรับผ้านุ่ม,COMFORT น้ำยาปรับผ้านุ่ม คอมฟอร์ทอัลตร้า ( น้ำเดียว ) ขนาด 540 มล. สีชมพู,59,/ถุง
GLOBAL HOUSE,น้ำยาปรับผ้านุ่ม,Downy น้ำยาปรับผ้านุ่ม แบบเติม กลิ่น สวนดอกไม้ผลิ ขนาด 540 มล. สีชมพู,70,/ถุง
GLOBAL HOUSE,น้ำยาปรับผ้านุ่ม,Downy น้ำยาปรับผ้านุ่ม แบบเติม กลิ่น ซันไรท์เฟรช ขนาด 540 มล.สีฟ้า,70,/ถุง
GLOBAL HOUSE,น้ำยาปรับผ้านุ่ม,Downy ผลิตภัณฑ์ซักผ้าชนิดน้ำ สำหรับตากผ้าในที่ร่ม ขนาด 550 มล. สีเขียว,85,/ถุง
GLOBAL HOUSE,น้ำยาปรับผ้านุ่ม,Downy น้ำยาปรับผ้านุ่ม แบบเติม สูตรตากในที่ร่ม ขนาด 510 มล. สีเขียว,70,/ถุง
GLOBAL HOUSE,น้ำยาปรับผ้านุ่ม,COMFORT น้ำยาปรับผ้านุ่ม คอมฟอร์ทอัลตร้า (น้ำเดียว) แบบเติม กลิ่น เดลิ เฟรช ขนาด 1300 มล. สีฟ้า,129,/ถุง
GLOBAL HOUSE,น้ำยาปรับผ้านุ่ม,HYGIENE น้ำยารีดผ้าเรียบไฮยีน ขนาด 500 มล. (3ถุง/แพ็ค) สีฟ้า,39,/แพ็ค
GLOBAL HOUSE,น้ำยาปรับผ้านุ่ม,HYGIENE น้ำยาอัดกลีบไฮยีน ขนาด 500 มล. (3 ถุง/แพ็ค) สีชมพู,39,/แพ็ค
GLOBAL HOUSE,น้ำยาปรับผ้านุ่ม,DOWNY น้ำยาปรับผ้านุ่มสูตรเข้มข้น ชนิดเติม 1.25L กลิ่นดอกไม้อันแสนน่ารัก (1x9),139-165,/ถุง
GLOBAL HOUSE,น้ำยาปรับผ้านุ่ม,DOWNY น้ำยาปรับผ้านุ่มสูตรเข้มข้น ชนิดเติม 1.25L กลิ่นแพชชั่น (1x9),139-165,/ถุง
GLOBAL HOUSE,น้ำยาปรับผ้านุ่ม,HYGIENE น้ำยาอัดกลีบไฮยีน ขนาด500 มล. (3ถุง/แพ็ค) สีฟ้า,39,/แพ็ค
GLOBAL HOUSE,น้ำยาปรับผ้านุ่ม,COMFORT น้ำยาปรับผ้านุ่ม คอมฟอร์ทอัลตร้า (น้ำเดียว) แบบเติม ขนาด 600 มล. สีทอง,45,/ถุง
GLOBAL HOUSE,น้ำยาปรับอากาศ,KINGS STELLA เจลเฟรชชี่ บับเบิ้ลกัมม์ แบร์ 80 กรัม,75-79,/กระป๋อง
GLOBAL HOUSE,น้ำยาปรับอากาศ,FARCENT เซ็นท์เต็ดเจลปรับอากาศ กลิ่นลาเวนเดอร์ 70 กรัม,33,/ชิ้น
GLOBAL HOUSE,น้ำยาปรับอากาศ,FARCENT เซ็นท์เต็ดเจลปรับอากาศ กลิ่นเลมอน 70 กรัม,33,/ชิ้น
GLOBAL HOUSE,น้ำยาปรับอากาศ,KINGS STELLA สเปรย์ปรับอากาศ กลิ่นลาเวนเดอร์ 300 มล. (1 แถม 1) รุ่น โฮเรกา,89-92,/แพ็ค
GLOBAL HOUSE,น้ำยาปรับอากาศ,KINGS STELLA สเปรย์ปรับอากาศ กลิ่นส้ม 300 มล. รุ่น โฮเรกา (1 แถม 1 ),89-92,/แพ็ค
GLOBAL HOUSE,น้ำยาปรับอากาศ,GLADE เกลด เจลปรับอากาศ ฟลอรัล เพอร์เฟ็คชั่นส์ 70 กรัม,36-49,/กระป๋อง
GLOBAL HOUSE,น้ำยาปรับอากาศ,GLADE เกลด เจลปรับอากาศ กลิ่นเลมอน 70 กรัม,36-49,/กระป๋อง
GLOBAL HOUSE,น้ำยาปรับอากาศ,FARCENT เซ็นท์เต็ดเจล กลิ่น ลาเวนเดอร์ 200 กรัม (2แถม1/แพ็ค),175-183,/แพ็ค
GLOBAL HOUSE,น้ำยาปรับอากาศ,FARCENT เซ็นท์เต็ดเจล กลิ่นกุหลาบ 200กรัม (2แถม1/แพ็ค),175-183,/แพ็ค
GLOBAL HOUSE,น้ำยาปรับอากาศ,FARCENT เซ็นท์เต็ดเจล กลิ่นชาร์โคล 70 กรัม,33,/ชิ้น
GLOBAL HOUSE,น้ำยาปรับอากาศ,FARCENT เจลปรับอากาศรูปไข่ กลิ่นพีช 170 กรัม,75-78,/ชิ้น
GLOBAL HOUSE,น้ำยาปรับอากาศ,FARCENT เจลปรับอากาศรูปไข่ กลิ่นเลมอน 170 กรัม,75-78,/ชิ้น
GLOBAL HOUSE,น้ำยาปรับอากาศ,AIR CON สเปรย์ทำความสะอาด แอร์คอน คลีนเนอร์ 370 มล.,149,/กระป๋อง
GLOBAL HOUSE,น้ำยาปรับอากาศ,KINGS STELLA สเปรย์ปรับอากาศ กลิ่นมะนาว 300 มล. (1 แถม 1) รุ่น โฮเรกา,89-92,/แพ็ค
GLOBAL HOUSE,น้ำยาปรับอากาศ,KINGS STELLA เจลเฟรชชี่ ซีตรัส แบร์ 80 กรัม,71-78,/กระป๋อง
GLOBAL HOUSE,น้ำยาปรับอากาศ,FARCENT เซ็นท์เต็ดเจลฟาร์เซ้นท์ กลิ่นเลมอน 200 กรัม (2แถม1/แพ็ค),175-183,/แพ็ค
GLOBAL HOUSE,น้ำยาปรับอากาศ,GLADE เกลด สเปรย์ปรับอากาศ-ฟลอรัล กลิ่นเพอร์เฟ็คชั่นส์ 320 มล.,95-142,/ชิ้น
GLOBAL HOUSE,น้ำยาปรับอากาศ,KINGS STELLA เจลปรับอากาศ เฟรช กลิ่น Clean home 180 กรัม รุ่น 2 แถม 1,179,/แพ็ค
GLOBAL HOUSE,น้ำยาปรับอากาศ,GLADE เกลด เซ็นท์เต็ดเจลปรับอากาศ ฟลอรัลเพอร์เฟ็คชั่นส์ 180 กรัม,82-115,/ชิ้น
GLOBAL HOUSE,น้ำยาปรับอากาศ,MIXz สเปรย์ปรับอากาศ กลิ่นตะไคร้หอม 320 มล. รุ่น fresh air,50-59,/กป.
GLOBAL HOUSE,น้ำยาปรับอากาศ,GLADE เกลด สเปรย์ปรับอากาศ กลิ่นไวลด์ ลาเวนเดอร์ 320 มล.,95-142,/ชิ้น
GLOBAL HOUSE,น้ำยาปรับอากาศ,GLADE เกลด เซ็นท์เต็ดเจลปรับอากาศ กลิ่นเฟช เลมอน 180 กรัม,82-115,/ชิ้น
GLOBAL HOUSE,น้ำยาปรับอากาศ,FARCENT เจลปรับอากาศรูปไข่ กลิ่นสกายบรีซ 170 กรัม,75-78,/ชิ้น
GLOBAL HOUSE,น้ำยาปรับอากาศ,KINGS STELLA เจลปรับอากาศ เฟรช กลิ่น Lemon 180 กรัม รุ่น 2 แถม 1,179,/แพ็ค
GLOBAL HOUSE,น้ำยาปรับอากาศ,KINGS STELLA เจลปรับอากาศ กลิ่นส้ม 180 กรัม รุ่น 2 แถม 1,179,/แพ็ค
GLOBAL HOUSE,น้ำยาปรับอากาศ,KINGS STELLA เจลปรับอากาศ เฟรช กลิ่นลาเวนเดอร์ 180 กรัม รุ่น 2 แถม 1,179,/แพ็ค
GLOBAL HOUSE,น้ำยาปรับอากาศ,GLADE เกลด เซ็นท์เต็ดเจลปรับอากาศ กลิ่นลาเวนเดอร์ 180 กรัม,82-115,/ชิ้น
GLOBAL HOUSE,น้ำยาปรับอากาศ,KINGS STELLA สเปรย์ปรับอากาศ กลิ่น Mellow Melon 300 มล. รุ่น เพียวเนเจอร์,75-78,/กระป๋อง
GLOBAL HOUSE,น้ำยาปรับอากาศ,FARCENT เจลปรับอากาศรูปไข่ กลิ่นลาเวนเดอร์ 170 กรัม,75-78,/ชิ้น
GLOBAL HOUSE,น้ำยาปรับอากาศ,KINGS STELLA สเปรย์ขจัดกลิ่น ฆ่าเชื้อ 300 มล. รุ่น ไฮจีนิค,92-99,/กป.
GLOBAL HOUSE,น้ำยาปรับอากาศ,KINGS STELLA เจลปรับอากาศ เฟรช กลิ่น Buble gum 180 กรัม รุ่น 2 แถม 1,179,/แพ็ค
GLOBAL HOUSE,น้ำยาปรับอากาศ,MIXz สเปรย์ปรับอากาศ กลิ่นมะลิ 320 มล. รุ่น fresh air,53-65,/กป.
GLOBAL HOUSE,น้ำยาปรับอากาศ,GLADE เกลด สเปรย์ปรับอากาศ กลิ่นมอร์นิ่งเฟรชเนส 320 มล.,95-142,/กป.
GLOBAL HOUSE,น้ำยาปรับอากาศ,GLADE เกลด สเปรย์ปรับอากาศ กลิ่นสปาร์คกิ้ง ออเร้นจ์ 320 มล.,95-142,/ชิ้น
GLOBAL HOUSE,น้ำยาปรับอากาศ,FARCENT เจลถ่านขจัดกลิ่นในตู้เย็น รุ่น F-4031 H 150 กรัม,75-78,/ชิ้น
GLOBAL HOUSE,น้ำยาปรับอากาศ,MIXz สเปรย์ปรับอากาศ กลิ่น Pink blossom (แพ็คคู่) 300 มล. รุ่น ultra fresh,129-133,/แพ็ค
GLOBAL HOUSE,น้ำยาปรับอากาศ,MIXz สเปรย์ปรับอากาศ กลิ่นโมก 320 มล. รุ่น fresh air,53-65,/กป.
GLOBAL HOUSE,น้ำยาปรับอากาศ,FARCENT สเปรย์ปรับอากาศ กลิ่นลาเวนเดอร์ 300 มล.,120-134,/กป.
GLOBAL HOUSE,น้ำยาปรับอากาศ,GLADE เกลด สเปรย์ปรับอากาศ กลิ่นเฟรช เลมอน 320 มล.,95-142,/ชิ้น
GLOBAL HOUSE,น้ำยาปรับอากาศ,FARCENT เครื่องพ่นสเปรย์ปรับอากาศอัตโนมัติ + ริฟิล (2ชิ้น/แพ็ค),399,/แพ็ค
GLOBAL HOUSE,น้ำยาปรับอากาศ,FARCENT เจลถ่านดับกลิ่นในรถยนต์ รุ่น F-406 120 กรัม,135-139,/ชิ้น
GLOBAL HOUSE,น้ำยาปรับอากาศ,FARCENT สเปรย์ปรับอากาศ กลิ่น Morning Fresh 300 มล.,120-134,/ชิ้น
GLOBAL HOUSE,น้ำยาปรับอากาศ,KINGS STELLA สเปรย์ปรับอากาศ กลิ่นมะลิ 200 มล.,60-63,/กระป๋อง
GLOBAL HOUSE,น้ำยาปรับอากาศ,KINGS STELLA สเปรย์ปรับอากาศ กลิ่นโรส 450 มล. รุ่น คลาสสิค,99,/กระป๋อง
GLOBAL HOUSE,น้ำยาปรับอากาศ,KINGS STELLA สเปรย์ปรับอากาศ กลิ่ิ่นมะลิ 450 มล. รุ่น คลาสสิค,99,/กระป๋อง
GLOBAL HOUSE,น้ำยาปรับอากาศ,KINGS STELLA สเปรย์ปรับอากาศ กลิ่นลาเวนเดอร์ 450 มล. รุ่น คลาสสิค,99,/กระป๋อง
GLOBAL HOUSE,น้ำยาปรับอากาศ,KINGS STELLA สเปรย์ปรับอากาศ กลิ่น Brut 450 มล. รุ่น คลาสสิค,99,/กป.
GLOBAL HOUSE,น้ำยาปรับอากาศ,MIXz สเปรย์ปรับอากาศ กลิ่นลาเวนเดอร์ 300 มล. รุ่น ultra fresh (แพ็คคู่),129-133,/แพ็ค
GLOBAL HOUSE,น้ำยาปรับอากาศ,KINGS STELLA สเปรย์ปรับอากาศ กลิ่นมาดามโรซาส์ 450 มล. รุ่น คลาสสิค,99,/กระป๋อง
GLOBAL HOUSE,น้ำยาปรับอากาศ,FARCENT สเปรย์ปรับอากาศ กลิ่นเลมอน 300 มล.,120-134,/กป.
GLOBAL HOUSE,น้ำยาปรับอากาศ,KINGS STELLA สเปรย์ปรับอากาศ แอร์พลัส Hokkaido Lavender 300 มล.,119,/กระป๋อง
GLOBAL HOUSE,น้ำยาปรับอากาศ,FARCENT เจลดับกลิ่นในตู้รองเท้า รุ่น F-429,69,/ชิ้น
GLOBAL HOUSE,น้ำยาปรับอากาศ,MIXz สเปรย์ปรับอากาศ กลิ่นมะนาว 320 มล. เพิ่มฟรี 45 มล. รุ่น fresh air,50-59,/กป.
GLOBAL HOUSE,น้ำยาปรับอากาศ,MIXz สเปรย์ปรับอากาศ กลิ่นส้ม 320 มล.เพิ่มฟรี 45 มล. รุ่น fresh air,50-59,/กป.
GLOBAL HOUSE,น้ำยาปรับอากาศ,MIXz สเปรย์ปรับอากาศ กลิ่นกุหลาบ 320 มล. รุ่น fresh air,53-65,/กป.
GLOBAL HOUSE,น้ำยาปรับอากาศ,GLADE เกลด สเปรย์ปรับอากาศคลีนแอร์ 3อิน1 กลิ่นการ์เด้นท์เฟรช 300 มล.,128,/ขวด
GLOBAL HOUSE,น้ำยาปรับอากาศ,GLADE เกลด สเปรย์ปรับอากาศ คลีนแอร์ 3อิน1 กล่นคลีนแอน์เฟรช 300 มล.,128,/กระป๋อง
GLOBAL HOUSE,น้ำยาปรับอากาศ,USUPSO น้ำหอมในรถยนต์,89,/ชิ้น
GLOBAL HOUSE,น้ำยาปรับอากาศ,KINGS STELLA สเปรย์ปรับอากาศ กลิ่นคิงส์โรส 350 มล. รุ่น คลาสสิค,89,/กระป๋อง
GLOBAL HOUSE,น้ำยาปรับอากาศ,Kings Stella สเปรย์ปรับอากาศ แอร์พลัส Citrus Mountain 300 ml.,119-124,/กป.
GLOBAL HOUSE,น้ำยาปรับอากาศ,KINGS STELLA สเปรย์ปรับอากาศ กลิ่นลาเวนเดอร์ 350 มล. รุ่น คลาสสิค,89,/กระป๋อง
GLOBAL HOUSE,ถุงขยะ,Champion ถุงขยะแบบหนาพิเศษ 30x40 นิ้ว บรรจุ 12 ใบ/แพ็ค รุ่น Recycle สีดำ,69,/แพ็ค
GLOBAL HOUSE,ถุงขยะ,Champion ถุงขยะแบบหนา เกรด A ขนาด 26 x34 บรรจุ 12 ใบ/แพ็ค สีดำ,49-55,/แพ็ค
GLOBAL HOUSE,ถุงขยะ,Champion ถุงขยะแบบมีหูผูก ขนาด 24 นิ้ว x28 นิ้ว บรรจุ 36 ใบ/แพ็ค สีดำ กลิ่นมินต์เลมอน,69-75,/แพ็ค
GLOBAL HOUSE,ถุงขยะ,Champion ถุงขยะแบบหนาพิเศษ 36x45 นิ้ว บรรจุ 8 ใบ/แพ็ค รุ่น Recycle สีดำ,69,/แพ็ค
GLOBAL HOUSE,ถุงขยะ,Champion ถุงขยะแบบม้วน ขนาด 24 x28 บรรจุ 25 ใบ/แพ็ค สีดำ กลิ่นมินต์เลมอน,49,/แพ็ค
GLOBAL HOUSE,ถุงขยะ,Champion ถุงขยะแบบม้วน ขนาด 18 นิ้ว x20 นิ้ว บรรจุ 50 ใบ/แพ็ค สีดำ กลิ่น มินต์เลมอน,49,/แพ็ค
GLOBAL HOUSE,ถุงขยะ,Champion ถุงขยะแบบมีหูผูก ขนาด 30 นิ้ว x40 นิ้ว บรรจุ 18 ใบ/แพ็ค สีดำ กลิ่นมินต์เลมอน,69-75,/แพ็ค
GLOBAL HOUSE,ถุงขยะ,Champion ถุงขยะแบบหนา เกรด A ขนาด 30 x40 บรรจุ 8 ใบ/แพ็ค สีดำ,49-55,/แพ็ค
GLOBAL HOUSE,ถุงขยะ,Champion ถุงขยะแบบหนา เกรด A ขนาด 36 x45 บรรจุ 6 ใบ/แพ็ค สีดำ,49-55,/แพ็ค
GLOBAL HOUSE,ถุงขยะ,Champion ถุงขยะแบบม้วน ขนาด 18 x20 บรรจุ 30 ใบ/แพ็ค สีเขียว กลิ่นแอปเปิ้ล,39,/แพ็ค
GLOBAL HOUSE,ถุงขยะ,Champion ถุงขยะแบบม้วน ขนาด 26 x34 บรรจุ 16 ใบ/แพ็ค สีดำ กลิ่น มินต์เลมอน,49,/แพ็ค
GLOBAL HOUSE,ถุงขยะ,Champion ถุงขยะแบบม้วน ขนาด 18 x20 บรรจุ 30 ใบ/แพ็ค สีส้ม กลิ่นส้ม,39,/แพ็ค
GLOBAL HOUSE,ถุงขยะ,Champion ถุงขยะแบบม้วน ขนาด 24 นิ้ว x28 นิ้ว บรรจุ 15 ใบ/แพ็ค สีม่วง กลิ่นลาเวนเดอร์,39,/แพ็ค
GLOBAL HOUSE,ถุงขยะ,Champion ถุงขยะแบบม้วน ขนาด 24 x28 บรรจุ 15 ใบ/แพ็ค สีชมพู กลิ่นกุหลาบ,39,/แพ็ค
GLOBAL HOUSE,ถุงขยะ,Champion ถุงขยะแบบมีหูผูก ขนาด 18 นิ้ว x20 นิ้ว บรรจุ 72 ใบ/แพ็ค สีดำ กลิ่นมินต์เลมอน,69-75,/แพ็ค
GLOBAL HOUSE,ถุงขยะ,Champion ถุงขยะแบบม้วน ขนาด 24x28 บรรจุ 15 ใบ/แพ็ค สีเขียว กลิ่นแอปเปิ้ล,39,/
GLOBAL HOUSE,ถุงขยะ,SAKU ถุงขยะก้นกลมย่อยสลายได้ตามธรรมชาติ ขนาด 26x34 (20ใบ/แพ็ค) สีดำ,55,/แพ็ค
GLOBAL HOUSE,ถุงขยะ,Champion ถุงขยะแบบม้วนแยกขยะอันตราย ขนาด 18 x20 บรรจุ 40 ใบ/แพ็ค สีแดง กลิ่นมอร์นิ่งเฟรช,49,/แพ็ค
GLOBAL HOUSE,ถุงขยะ,Champion ถุงขยะแบบมีหูผูก ขนาด 36 นิ้ว x45 นิ้ว บรรจุ 8 ใบ/แพ็ค สีดำ กลิ่นมินต์เลมอน,69-75,/แพ็ค
GLOBAL HOUSE,ถุงขยะ,ICLEAN ถุงขยะหนาพิเศษพร้อมเชือกมัดปากถุง DZH006-BK ขนาด 40 นิ้ว x52 นิ้ว บรรจุ 5 ใบ/แพ็ค สีดำ,39-49,/แพ็ค
GLOBAL HOUSE,ถุงขยะ,Champion ถุงขยะแบบม้วนแยกขยะอันตราย ขนาด 24 x28 บรรจุ 15 ใบ/แพ็ค สีแแดง กลิ่นมอร์นิ่งเฟรช,49,/แพ็ค
GLOBAL HOUSE,ถุงขยะ,SAKU ถุงขยะก้นกลมย่อยสลายได้ตามธรรมชาติ ขนาด 30 x40 (13ใบ/แพ็ค) สีดำ,55,/แพ็ค
GLOBAL HOUSE,ถุงขยะ,SAKU ถุงขยะแบบม้วนย่อยสลายได้ตามธรรมชาติ ขนาด 24x28 (23ใบ/แพ็ค) สีดำ,45,/อัน
GLOBAL HOUSE,ถุงขยะ,SAKU ถุงขยะก้นกลมย่อยสลายได้ตามธรรมชาติ ขนาด 36 x45 (10ใบ/แพ็ค) สีดำ,55,/แพ็ค
GLOBAL HOUSE,ถุงขยะ,SAKU ถุงขยะก้นกลมย่อยสลายได้ตามธรรมชาติ ขนาด 18x20 (55ใบ/แพ็ค) สีดำ,55,/แพ็ค
GLOBAL HOUSE,ถุงขยะ,Champion ถุงขยะแบบแยกขยะอันตราย ขนาด 26x34 นิ้ว บรรจุ 15 ใบ/แพ็ค สีแดง,39-45,/แพ็ค
GLOBAL HOUSE,ถุงขยะ,Champion ถุงขยะแบบแยกขยะอันตราย ขนาด 30x40 นิ้ว บรรจุ 10 ใบ/แพ็ค สีแดง,39-45,/แพ็ค
GLOBAL HOUSE,ถุงขยะ,ICLEAN ถุงขยะม้วน มีหู ขนาด 18 นิ้ว x20 นิ้ว บรรจุ 30ใบ/ม้วน สีดำ,29-30,/แพ็ค
GLOBAL HOUSE,ถุงขยะ,SAKU ถุงขยะแบบม้วนย่อยสลายได้ตามธรรมชาติ ขนาด 24x28 (23ใบ/แพ็ค) สีขาว,45,/แพ็ค
GLOBAL HOUSE,ถุงขยะ,ICLEAN ถุงขยะม้วน มีหู ขนาด 26 นิ้ว x34 นิ้ว บรรจุ 30ใบ/ม้วน สีดำ,59,/แพ็ค
GLOBAL HOUSE,ถุงขยะ,ICLEAN ถุงขยะม้วน มีหู ขนาด 24 นิ้ว x30 นิ้ว บรรจุ 30ใบ/ม้วน สีดำ,39-49,/แพ็ค
GLOBAL HOUSE,ถุงขยะ,SAKU ถุงขยะแบบม้วนย่อยสลายได้ตามธรรมชาติ ขนาด 18x20 (30ใบ/แพ็ค) สีดำ,45,/แพ็ค
GLOBAL HOUSE,ถุงขยะ,ICLEAN ถุงขยะหนาพิเศษพร้อมเชือกมัดปากถุง DZH004-BK ขนาด 30 นิ้ว x40 นิ้ว บรรจุ 10 ใบ/แพ็ค สีดำ,39-49,/แพ็ค
GLOBAL HOUSE,ถุงขยะ,SAKU ถุงขยะแบบม้วนย่อยสลายได้ตามธรรมชาติ ขนาด 18x20 (30ใบ/แพ็ค) สีฟ้า,45,/แพ็ค
GLOBAL HOUSE,ถุงขยะ,ICLEAN ถุงขยะหนาพิเศษพร้อมเชือกมัดปากถุง ขนาด 36 นิ้ว x45 นิ้ว บรรจุ 7 ใบ/แพ็ค สีดำ,39-49,/แพ็ค
GLOBAL HOUSE,ถุงขยะ,ICLEAN ถุงขยะหนาพิเศษ DZH004-WH ขนาด 30 นิ้ว x40 นิ้ว บรรจุ 10 ใบ/แพ็ค สีขาว,39-49,/แพ็ค
GLOBAL HOUSE,ถุงขยะ,ICLEAN ถุงขยะหนาพิเศษ DZH005-WH ขนาด 36 นิ้ว x45 นิ้ว บรรจุ 7 ใบ/แพ็ค สีขาว,39-49,/แพ็ค
GLOBAL HOUSE,ถุงขยะ,ถุงขยะแบบม้วนย่อยสลาย N-Joy 24 นิ้ว x28 นิ้ว ขาว (23 ใบ),39,/ชิ้น
GLOBAL HOUSE,ถุงขยะ,ถุงขยะแบบม้วนย่อยสลาย N-Joy 18x20 ฟ้า (30 ใบ),39,/แพ็ค
GLOBAL HOUSE,ถุงขยะ,ถุงขยะแบบม้วนย่อยสลาย N-Joy 18 นิ้ว x20 นิ้ว ดำ (30 ใบ),39,/ชิ้น
GLOBAL HOUSE,ถุงขยะ,ถุงขยะก้นกลมย่อยสลายN-Joy 18x20ดำ(55ใบ),49,/ชิ้น
GLOBAL HOUSE,ถุงขยะ,ถุงขยะก้นกลมย่อยสลายN-Joy 36 นิ้ว x45 นิ้ว ดำ (10ใบ),49,/ชิ้น
GLOBAL HOUSE,ถุงขยะ,ถุงขยะแบบม้วนย่อยสลาย N-Joy 24 นิ้ว x28 นิ้ว ดำ (23ใบ),39,/ชิ้น
GLOBAL HOUSE,ถุงขยะ,ถุงขยะก้นกลมย่อยสลายN-Joy 30 นิ้ว x40 นิ้ว ดำ(13ใบ),49,/ชิ้น
GLOBAL HOUSE,ถุงขยะ,ถุงขยะก้นกลมย่อยสลายN-Joy 26 นิ้ว x34 นิ้ว ดำ(20ใบ),49,/ชิ้น
GLOBAL HOUSE,ถุงขยะ,Champion ถุงขยะแบบมาตรฐาน ขนาด 30x40 นิ้ว (XL) บรรจุ 10 ใบ สีใส,55,/แพ็ค
GLOBAL HOUSE,ถุงขยะ,OCTOPUS โครงแขวนถุงขยะ แบบเท้าเหยียบ ขนาด 45x38x87 ซม. รุ่น GT-3545P สีขาว,"1,550",/อัน
GLOBAL HOUSE,ถุงขยะ,OCTOPUS โครงแขวนถุงขยะ แบบใช้มือเปิด 45x38x87 ซม. รุ่น GT-3545 สีขาว,"1,284",/อัน
